root@ip-10-1-11-247:/home/ec2-user[root@ip-10-1-11-247 ec2-user]# mysql -u admin -p -h database-1.cegaemwhz3xm.ap-south-1.rds.amazonaws.com
Enter password: 
Welcome to the MariaDB monitor.  Commands end with ; or \g.
Your MySQL connection id is 24
Server version: 8.0.17 Source distribution

Copyright (c) 2000, 2018, Oracle, MariaDB Corporation Ab and others.

Type 'help;' or '\h' for help. Type '\c' to clear the current input statement.

MySQL [(none)]> show databases;
+--------------------+
| Database           |
+--------------------+
| information_schema |
| mysql              |
| performance_schema |
| udacity            |
+--------------------+
4 rows in set (0.01 sec)

MySQL [(none)]> use udacity;
Database changed
MySQL [udacity]> show tables;
Empty set (0.00 sec)

MySQL [udacity]> CREATE TABLE dcworld (name VARCHAR(20), gender VARCHAR(20), planet VARCHAR(20) );
Query OK, 0 rows affected (0.06 sec)

MySQL [udacity]> show tables;
+-------------------+
| Tables_in_udacity |
+-------------------+
| dcworld           |
+-------------------+
1 row in set (0.00 sec)

MySQL [udacity]> select * from dcworld;
Empty set (0.00 sec)

MySQL [udacity]> INSERT INTO dcworld (`name`, `gender`, `planet`) VALUES ('Batman','Male','Earth');
Query OK, 1 row affected (0.00 sec)

MySQL [udacity]> select * from dcworld;
+--------+--------+--------+
| name   | gender | planet |
+--------+--------+--------+
| Batman | Male   | Earth  |
+--------+--------+--------+
1 row in set (0.00 sec)

MySQL [udacity]> INSERT INTO dcworld (`name`, `gender`, `planet`) VALUES ('Darkseid','Male','Apokolips');
Query OK, 1 row affected (0.01 sec)

MySQL [udacity]> INSERT INTO dcworld (`name`, `gender`, `planet`) VALUES ('Superman','Male','Krypton');
Query OK, 1 row affected (0.01 sec)

MySQL [udacity]> select * from dcworld;
+----------+--------+-----------+
| name     | gender | planet    |
+----------+--------+-----------+
| Batman   | Male   | Earth     |
| Darkseid | Male   | Apokolips |
| Superman | Male   | Krypton   |
+----------+--------+-----------+
3 rows in set (0.00 sec)

MySQL [udacity]> 
